,y_true,y_pred,y_true_label,y_pred_label
0,8,8,BECKERS WHITE,BECKERS WHITE
1,10,10,BLUE MORPHO,BLUE MORPHO
2,24,24,CRIMSON PATCH,CRIMSON PATCH
3,50,50,PAPER KITE,PAPER KITE
4,70,70,ULYSES,ULYSES
5,18,18,CLODIUS PARNASSIAN,CLODIUS PARNASSIAN
6,68,68,TROPICAL LEAFWING,TROPICAL LEAFWING
7,44,44,MONARCH,MONARCH
8,60,60,RED POSTMAN,RED POSTMAN
9,42,42,METALMARK,METALMARK
10,43,43,MILBERTS TORTOISESHELL,MILBERTS TORTOISESHELL
11,57,57,QUESTION MARK,QUESTION MARK
12,46,46,ORANGE OAKLEAF,ORANGE OAKLEAF
13,22,67,COPPER TAIL,STRAITED QUEEN
14,42,70,METALMARK,ULYSES
15,1,1,AFRICAN GIANT SWALLOWTAIL,AFRICAN GIANT SWALLOWTAIL
16,12,12,BROWN SIPROETA,BROWN SIPROETA
17,43,43,MILBERTS TORTOISESHELL,MILBERTS TORTOISESHELL
18,14,14,CAIRNS BIRDWING,CAIRNS BIRDWING
19,26,26,EASTERN COMA,EASTERN COMA
20,66,66,SOUTHERN DOGFACE,SOUTHERN DOGFACE
21,69,69,TWO BARRED FLASHER,TWO BARRED FLASHER
22,20,20,COMMON BANDED AWL,COMMON BANDED AWL
23,51,51,PEACOCK,PEACOCK
24,2,2,AMERICAN SNOOT,AMERICAN SNOOT
25,56,56,PURPLISH COPPER,PURPLISH COPPER
26,49,49,PAINTED LADY,PAINTED LADY
27,34,34,GREY HAIRSTREAK,GREY HAIRSTREAK
28,67,67,STRAITED QUEEN,STRAITED QUEEN
29,72,72,WOOD SATYR,WOOD SATYR
30,21,30,COMMON WOOD-NYMPH,GOLD BANDED
31,41,41,MESTRA,MESTRA
32,5,5,ATALA,ATALA
33,38,27,LARGE MARBLE,EASTERN DAPPLE WHITE
34,23,23,CRECENT,CRECENT
35,37,37,JULIA,JULIA
36,13,13,CABBAGE WHITE,CABBAGE WHITE
37,42,69,METALMARK,TWO BARRED FLASHER
38,9,55,BLACK HAIRSTREAK,PURPLE HAIRSTREAK
39,10,10,BLUE MORPHO,BLUE MORPHO
40,16,16,CHESTNUT,CHESTNUT
41,0,0,ADONIS,ADONIS
42,26,26,EASTERN COMA,EASTERN COMA
43,5,5,ATALA,ATALA
44,23,23,CRECENT,CRECENT
45,69,69,TWO BARRED FLASHER,TWO BARRED FLASHER
46,28,2,EASTERN PINE ELFIN,AMERICAN SNOOT
47,5,5,ATALA,ATALA
48,33,33,GREEN CELLED CATTLEHEART,GREEN CELLED CATTLEHEART
49,17,17,CLEOPATRA,CLEOPATRA
50,46,46,ORANGE OAKLEAF,ORANGE OAKLEAF
51,46,46,ORANGE OAKLEAF,ORANGE OAKLEAF
52,69,69,TWO BARRED FLASHER,TWO BARRED FLASHER
53,53,53,PIPEVINE SWALLOW,PIPEVINE SWALLOW
54,56,56,PURPLISH COPPER,PURPLISH COPPER
55,25,25,DANAID EGGFLY,DANAID EGGFLY
56,56,56,PURPLISH COPPER,PURPLISH COPPER
57,11,65,BLUE SPOTTED CROW,SOOTYWING
58,44,44,MONARCH,MONARCH
59,61,61,RED SPOTTED PURPLE,RED SPOTTED PURPLE
60,15,15,CHECQUERED SKIPPER,CHECQUERED SKIPPER
61,6,6,BANDED ORANGE HELICONIAN,BANDED ORANGE HELICONIAN
62,57,57,QUESTION MARK,QUESTION MARK
63,58,58,RED ADMIRAL,RED ADMIRAL
64,6,6,BANDED ORANGE HELICONIAN,BANDED ORANGE HELICONIAN
65,46,46,ORANGE OAKLEAF,ORANGE OAKLEAF
66,8,8,BECKERS WHITE,BECKERS WHITE
67,57,26,QUESTION MARK,EASTERN COMA
68,48,48,ORCHARD SWALLOW,ORCHARD SWALLOW
69,74,74,ZEBRA LONG WING,ZEBRA LONG WING
70,2,68,AMERICAN SNOOT,TROPICAL LEAFWING
71,24,24,CRIMSON PATCH,CRIMSON PATCH
72,43,43,MILBERTS TORTOISESHELL,MILBERTS TORTOISESHELL
73,3,3,AN 88,AN 88
74,63,63,SILVER SPOT SKIPPER,SILVER SPOT SKIPPER
75,73,73,YELLOW SWALLOW TAIL,YELLOW SWALLOW TAIL
76,62,62,SCARCE SWALLOW,SCARCE SWALLOW
77,40,40,MANGROVE SKIPPER,MANGROVE SKIPPER
78,24,24,CRIMSON PATCH,CRIMSON PATCH
79,47,47,ORANGE TIP,ORANGE TIP
80,44,44,MONARCH,MONARCH
81,19,19,CLOUDED SULPHUR,CLOUDED SULPHUR
82,5,60,ATALA,RED POSTMAN
83,45,45,MOURNING CLOAK,MOURNING CLOAK
84,4,4,APPOLLO,APPOLLO
85,53,53,PIPEVINE SWALLOW,PIPEVINE SWALLOW
86,49,49,PAINTED LADY,PAINTED LADY
87,29,29,ELBOWED PIERROT,ELBOWED PIERROT
88,7,7,BANDED PEACOCK,BANDED PEACOCK
89,8,8,BECKERS WHITE,BECKERS WHITE
90,44,44,MONARCH,MONARCH
91,35,35,INDRA SWALLOW,INDRA SWALLOW
92,69,42,TWO BARRED FLASHER,METALMARK
93,26,26,EASTERN COMA,EASTERN COMA
94,64,64,SLEEPY ORANGE,SLEEPY ORANGE
95,0,0,ADONIS,ADONIS
96,68,68,TROPICAL LEAFWING,TROPICAL LEAFWING
97,3,3,AN 88,AN 88
98,69,69,TWO BARRED FLASHER,TWO BARRED FLASHER
99,52,52,PINE WHITE,PINE WHITE
100,31,31,GREAT EGGFLY,GREAT EGGFLY
101,17,17,CLEOPATRA,CLEOPATRA
102,15,15,CHECQUERED SKIPPER,CHECQUERED SKIPPER
103,25,25,DANAID EGGFLY,DANAID EGGFLY
104,51,51,PEACOCK,PEACOCK
105,41,41,MESTRA,MESTRA
106,51,51,PEACOCK,PEACOCK
107,42,42,METALMARK,METALMARK
108,16,44,CHESTNUT,MONARCH
109,53,53,PIPEVINE SWALLOW,PIPEVINE SWALLOW
110,62,62,SCARCE SWALLOW,SCARCE SWALLOW
111,1,1,AFRICAN GIANT SWALLOWTAIL,AFRICAN GIANT SWALLOWTAIL
112,46,68,ORANGE OAKLEAF,TROPICAL LEAFWING
113,56,56,PURPLISH COPPER,PURPLISH COPPER
114,16,16,CHESTNUT,CHESTNUT
115,16,16,CHESTNUT,CHESTNUT
116,28,28,EASTERN PINE ELFIN,EASTERN PINE ELFIN
117,11,11,BLUE SPOTTED CROW,BLUE SPOTTED CROW
118,20,20,COMMON BANDED AWL,COMMON BANDED AWL
119,53,53,PIPEVINE SWALLOW,PIPEVINE SWALLOW
120,57,26,QUESTION MARK,EASTERN COMA
121,58,58,RED ADMIRAL,RED ADMIRAL
122,60,60,RED POSTMAN,RED POSTMAN
123,66,66,SOUTHERN DOGFACE,SOUTHERN DOGFACE
124,59,59,RED CRACKER,RED CRACKER
125,65,65,SOOTYWING,SOOTYWING
126,48,48,ORCHARD SWALLOW,ORCHARD SWALLOW
127,17,17,CLEOPATRA,CLEOPATRA
128,54,54,POPINJAY,POPINJAY
129,4,4,APPOLLO,APPOLLO
130,62,62,SCARCE SWALLOW,SCARCE SWALLOW
131,36,36,IPHICLUS SISTER,IPHICLUS SISTER
132,59,59,RED CRACKER,RED CRACKER
133,26,26,EASTERN COMA,EASTERN COMA
134,14,14,CAIRNS BIRDWING,CAIRNS BIRDWING
135,51,51,PEACOCK,PEACOCK
136,32,32,GREAT JAY,GREAT JAY
137,0,0,ADONIS,ADONIS
138,45,45,MOURNING CLOAK,MOURNING CLOAK
139,66,66,SOUTHERN DOGFACE,SOUTHERN DOGFACE
140,53,53,PIPEVINE SWALLOW,PIPEVINE SWALLOW
141,0,55,ADONIS,PURPLE HAIRSTREAK
142,7,7,BANDED PEACOCK,BANDED PEACOCK
143,67,67,STRAITED QUEEN,STRAITED QUEEN
144,50,50,PAPER KITE,PAPER KITE
145,22,56,COPPER TAIL,PURPLISH COPPER
146,59,59,RED CRACKER,RED CRACKER
147,68,68,TROPICAL LEAFWING,TROPICAL LEAFWING
148,52,52,PINE WHITE,PINE WHITE
149,47,47,ORANGE TIP,ORANGE TIP
150,11,11,BLUE SPOTTED CROW,BLUE SPOTTED CROW
151,37,37,JULIA,JULIA
152,23,23,CRECENT,CRECENT
153,4,4,APPOLLO,APPOLLO
154,50,50,PAPER KITE,PAPER KITE
155,54,54,POPINJAY,POPINJAY
156,27,8,EASTERN DAPPLE WHITE,BECKERS WHITE
157,10,10,BLUE MORPHO,BLUE MORPHO
158,57,57,QUESTION MARK,QUESTION MARK
159,40,40,MANGROVE SKIPPER,MANGROVE SKIPPER
160,67,67,STRAITED QUEEN,STRAITED QUEEN
161,34,34,GREY HAIRSTREAK,GREY HAIRSTREAK
162,55,55,PURPLE HAIRSTREAK,PURPLE HAIRSTREAK
163,51,51,PEACOCK,PEACOCK
164,30,30,GOLD BANDED,GOLD BANDED
165,15,37,CHECQUERED SKIPPER,JULIA
166,48,48,ORCHARD SWALLOW,ORCHARD SWALLOW
167,11,11,BLUE SPOTTED CROW,BLUE SPOTTED CROW
168,46,46,ORANGE OAKLEAF,ORANGE OAKLEAF
169,4,4,APPOLLO,APPOLLO
170,70,70,ULYSES,ULYSES
171,32,32,GREAT JAY,GREAT JAY
172,27,27,EASTERN DAPPLE WHITE,EASTERN DAPPLE WHITE
173,43,43,MILBERTS TORTOISESHELL,MILBERTS TORTOISESHELL
174,47,47,ORANGE TIP,ORANGE TIP
175,39,39,MALACHITE,MALACHITE
176,74,74,ZEBRA LONG WING,ZEBRA LONG WING
177,0,0,ADONIS,ADONIS
178,15,15,CHECQUERED SKIPPER,CHECQUERED SKIPPER
179,2,2,AMERICAN SNOOT,AMERICAN SNOOT
180,59,59,RED CRACKER,RED CRACKER
181,18,18,CLODIUS PARNASSIAN,CLODIUS PARNASSIAN
182,40,40,MANGROVE SKIPPER,MANGROVE SKIPPER
183,67,67,STRAITED QUEEN,STRAITED QUEEN
184,67,67,STRAITED QUEEN,STRAITED QUEEN
185,13,13,CABBAGE WHITE,CABBAGE WHITE
186,19,39,CLOUDED SULPHUR,MALACHITE
187,4,4,APPOLLO,APPOLLO
188,16,16,CHESTNUT,CHESTNUT
189,9,9,BLACK HAIRSTREAK,BLACK HAIRSTREAK
190,44,44,MONARCH,MONARCH
191,22,22,COPPER TAIL,COPPER TAIL
192,2,2,AMERICAN SNOOT,AMERICAN SNOOT
193,63,63,SILVER SPOT SKIPPER,SILVER SPOT SKIPPER
194,65,65,SOOTYWING,SOOTYWING
195,3,3,AN 88,AN 88
196,65,65,SOOTYWING,SOOTYWING
197,40,40,MANGROVE SKIPPER,MANGROVE SKIPPER
198,41,41,MESTRA,MESTRA
199,47,47,ORANGE TIP,ORANGE TIP
200,7,7,BANDED PEACOCK,BANDED PEACOCK
201,19,19,CLOUDED SULPHUR,CLOUDED SULPHUR
202,18,18,CLODIUS PARNASSIAN,CLODIUS PARNASSIAN
203,4,4,APPOLLO,APPOLLO
204,18,4,CLODIUS PARNASSIAN,APPOLLO
205,3,3,AN 88,AN 88
206,43,43,MILBERTS TORTOISESHELL,MILBERTS TORTOISESHELL
207,3,3,AN 88,AN 88
208,28,28,EASTERN PINE ELFIN,EASTERN PINE ELFIN
209,69,69,TWO BARRED FLASHER,TWO BARRED FLASHER
210,51,51,PEACOCK,PEACOCK
211,24,24,CRIMSON PATCH,CRIMSON PATCH
212,12,12,BROWN SIPROETA,BROWN SIPROETA
213,49,49,PAINTED LADY,PAINTED LADY
214,41,41,MESTRA,MESTRA
215,48,48,ORCHARD SWALLOW,ORCHARD SWALLOW
216,33,33,GREEN CELLED CATTLEHEART,GREEN CELLED CATTLEHEART
217,43,43,MILBERTS TORTOISESHELL,MILBERTS TORTOISESHELL
218,34,34,GREY HAIRSTREAK,GREY HAIRSTREAK
219,64,64,SLEEPY ORANGE,SLEEPY ORANGE
220,62,62,SCARCE SWALLOW,SCARCE SWALLOW
221,66,66,SOUTHERN DOGFACE,SOUTHERN DOGFACE
222,49,49,PAINTED LADY,PAINTED LADY
223,12,12,BROWN SIPROETA,BROWN SIPROETA
224,26,57,EASTERN COMA,QUESTION MARK
225,52,52,PINE WHITE,PINE WHITE
226,45,45,MOURNING CLOAK,MOURNING CLOAK
227,22,22,COPPER TAIL,COPPER TAIL
228,4,18,APPOLLO,CLODIUS PARNASSIAN
229,2,2,AMERICAN SNOOT,AMERICAN SNOOT
230,66,66,SOUTHERN DOGFACE,SOUTHERN DOGFACE
231,63,63,SILVER SPOT SKIPPER,SILVER SPOT SKIPPER
232,28,28,EASTERN PINE ELFIN,EASTERN PINE ELFIN
233,1,1,AFRICAN GIANT SWALLOWTAIL,AFRICAN GIANT SWALLOWTAIL
234,54,54,POPINJAY,POPINJAY
235,43,74,MILBERTS TORTOISESHELL,ZEBRA LONG WING
236,45,45,MOURNING CLOAK,MOURNING CLOAK
237,33,33,GREEN CELLED CATTLEHEART,GREEN CELLED CATTLEHEART
238,12,12,BROWN SIPROETA,BROWN SIPROETA
239,1,1,AFRICAN GIANT SWALLOWTAIL,AFRICAN GIANT SWALLOWTAIL
240,20,20,COMMON BANDED AWL,COMMON BANDED AWL
241,71,71,VICEROY,VICEROY
242,49,49,PAINTED LADY,PAINTED LADY
243,5,5,ATALA,ATALA
244,29,29,ELBOWED PIERROT,ELBOWED PIERROT
245,54,54,POPINJAY,POPINJAY
246,73,73,YELLOW SWALLOW TAIL,YELLOW SWALLOW TAIL
247,44,44,MONARCH,MONARCH
248,37,37,JULIA,JULIA
249,32,32,GREAT JAY,GREAT JAY
250,22,22,COPPER TAIL,COPPER TAIL
251,53,53,PIPEVINE SWALLOW,PIPEVINE SWALLOW
252,26,26,EASTERN COMA,EASTERN COMA
253,13,13,CABBAGE WHITE,CABBAGE WHITE
254,62,62,SCARCE SWALLOW,SCARCE SWALLOW
255,69,69,TWO BARRED FLASHER,TWO BARRED FLASHER
256,12,12,BROWN SIPROETA,BROWN SIPROETA
257,17,17,CLEOPATRA,CLEOPATRA
258,2,2,AMERICAN SNOOT,AMERICAN SNOOT
259,41,15,MESTRA,CHECQUERED SKIPPER
260,47,47,ORANGE TIP,ORANGE TIP
261,53,53,PIPEVINE SWALLOW,PIPEVINE SWALLOW
262,20,20,COMMON BANDED AWL,COMMON BANDED AWL
263,53,53,PIPEVINE SWALLOW,PIPEVINE SWALLOW
264,29,29,ELBOWED PIERROT,ELBOWED PIERROT
265,11,11,BLUE SPOTTED CROW,BLUE SPOTTED CROW
266,55,55,PURPLE HAIRSTREAK,PURPLE HAIRSTREAK
267,25,25,DANAID EGGFLY,DANAID EGGFLY
268,8,8,BECKERS WHITE,BECKERS WHITE
269,38,38,LARGE MARBLE,LARGE MARBLE
270,66,66,SOUTHERN DOGFACE,SOUTHERN DOGFACE
271,66,66,SOUTHERN DOGFACE,SOUTHERN DOGFACE
272,12,12,BROWN SIPROETA,BROWN SIPROETA
273,59,59,RED CRACKER,RED CRACKER
274,25,25,DANAID EGGFLY,DANAID EGGFLY
275,55,55,PURPLE HAIRSTREAK,PURPLE HAIRSTREAK
276,27,27,EASTERN DAPPLE WHITE,EASTERN DAPPLE WHITE
277,38,27,LARGE MARBLE,EASTERN DAPPLE WHITE
278,10,10,BLUE MORPHO,BLUE MORPHO
279,72,72,WOOD SATYR,WOOD SATYR
280,1,1,AFRICAN GIANT SWALLOWTAIL,AFRICAN GIANT SWALLOWTAIL
281,31,31,GREAT EGGFLY,GREAT EGGFLY
282,11,11,BLUE SPOTTED CROW,BLUE SPOTTED CROW
283,24,24,CRIMSON PATCH,CRIMSON PATCH
284,29,29,ELBOWED PIERROT,ELBOWED PIERROT
285,19,19,CLOUDED SULPHUR,CLOUDED SULPHUR
286,17,17,CLEOPATRA,CLEOPATRA
287,57,57,QUESTION MARK,QUESTION MARK
288,19,19,CLOUDED SULPHUR,CLOUDED SULPHUR
289,27,38,EASTERN DAPPLE WHITE,LARGE MARBLE
290,72,72,WOOD SATYR,WOOD SATYR
291,70,70,ULYSES,ULYSES
292,4,4,APPOLLO,APPOLLO
293,39,39,MALACHITE,MALACHITE
294,66,66,SOUTHERN DOGFACE,SOUTHERN DOGFACE
295,19,19,CLOUDED SULPHUR,CLOUDED SULPHUR
296,54,54,POPINJAY,POPINJAY
297,58,58,RED ADMIRAL,RED ADMIRAL
298,8,8,BECKERS WHITE,BECKERS WHITE
299,4,4,APPOLLO,APPOLLO
300,38,38,LARGE MARBLE,LARGE MARBLE
301,10,10,BLUE MORPHO,BLUE MORPHO
302,46,46,ORANGE OAKLEAF,ORANGE OAKLEAF
303,47,47,ORANGE TIP,ORANGE TIP
304,47,47,ORANGE TIP,ORANGE TIP
305,39,39,MALACHITE,MALACHITE
306,7,7,BANDED PEACOCK,BANDED PEACOCK
307,71,71,VICEROY,VICEROY
308,0,0,ADONIS,ADONIS
309,33,33,GREEN CELLED CATTLEHEART,GREEN CELLED CATTLEHEART
310,50,50,PAPER KITE,PAPER KITE
311,41,41,MESTRA,MESTRA
312,64,64,SLEEPY ORANGE,SLEEPY ORANGE
313,5,5,ATALA,ATALA
314,53,53,PIPEVINE SWALLOW,PIPEVINE SWALLOW
315,21,21,COMMON WOOD-NYMPH,COMMON WOOD-NYMPH
316,38,27,LARGE MARBLE,EASTERN DAPPLE WHITE
317,55,55,PURPLE HAIRSTREAK,PURPLE HAIRSTREAK
318,25,25,DANAID EGGFLY,DANAID EGGFLY
319,58,49,RED ADMIRAL,PAINTED LADY
320,60,60,RED POSTMAN,RED POSTMAN
321,49,49,PAINTED LADY,PAINTED LADY
322,38,27,LARGE MARBLE,EASTERN DAPPLE WHITE
323,73,73,YELLOW SWALLOW TAIL,YELLOW SWALLOW TAIL
324,68,68,TROPICAL LEAFWING,TROPICAL LEAFWING
325,4,4,APPOLLO,APPOLLO
326,50,50,PAPER KITE,PAPER KITE
327,47,47,ORANGE TIP,ORANGE TIP
328,50,50,PAPER KITE,PAPER KITE
329,72,72,WOOD SATYR,WOOD SATYR
330,12,12,BROWN SIPROETA,BROWN SIPROETA
331,43,49,MILBERTS TORTOISESHELL,PAINTED LADY
332,48,48,ORCHARD SWALLOW,ORCHARD SWALLOW
333,71,71,VICEROY,VICEROY
334,74,74,ZEBRA LONG WING,ZEBRA LONG WING
335,23,23,CRECENT,CRECENT
336,43,43,MILBERTS TORTOISESHELL,MILBERTS TORTOISESHELL
337,74,74,ZEBRA LONG WING,ZEBRA LONG WING
338,7,7,BANDED PEACOCK,BANDED PEACOCK
339,46,46,ORANGE OAKLEAF,ORANGE OAKLEAF
340,24,24,CRIMSON PATCH,CRIMSON PATCH
341,72,46,WOOD SATYR,ORANGE OAKLEAF
342,6,6,BANDED ORANGE HELICONIAN,BANDED ORANGE HELICONIAN
343,20,20,COMMON BANDED AWL,COMMON BANDED AWL
344,71,71,VICEROY,VICEROY
345,51,51,PEACOCK,PEACOCK
346,33,33,GREEN CELLED CATTLEHEART,GREEN CELLED CATTLEHEART
347,40,40,MANGROVE SKIPPER,MANGROVE SKIPPER
348,12,12,BROWN SIPROETA,BROWN SIPROETA
349,62,62,SCARCE SWALLOW,SCARCE SWALLOW
350,34,34,GREY HAIRSTREAK,GREY HAIRSTREAK
351,20,20,COMMON BANDED AWL,COMMON BANDED AWL
352,49,49,PAINTED LADY,PAINTED LADY
353,60,60,RED POSTMAN,RED POSTMAN
354,17,17,CLEOPATRA,CLEOPATRA
355,40,40,MANGROVE SKIPPER,MANGROVE SKIPPER
356,50,50,PAPER KITE,PAPER KITE
357,52,52,PINE WHITE,PINE WHITE
358,45,45,MOURNING CLOAK,MOURNING CLOAK
359,73,73,YELLOW SWALLOW TAIL,YELLOW SWALLOW TAIL
360,65,65,SOOTYWING,SOOTYWING
361,50,50,PAPER KITE,PAPER KITE
362,70,70,ULYSES,ULYSES
363,27,27,EASTERN DAPPLE WHITE,EASTERN DAPPLE WHITE
364,15,15,CHECQUERED SKIPPER,CHECQUERED SKIPPER
365,70,70,ULYSES,ULYSES
366,25,25,DANAID EGGFLY,DANAID EGGFLY
367,63,63,SILVER SPOT SKIPPER,SILVER SPOT SKIPPER
368,35,35,INDRA SWALLOW,INDRA SWALLOW
369,65,40,SOOTYWING,MANGROVE SKIPPER
370,23,23,CRECENT,CRECENT
371,71,71,VICEROY,VICEROY
372,13,13,CABBAGE WHITE,CABBAGE WHITE
373,20,20,COMMON BANDED AWL,COMMON BANDED AWL
374,63,63,SILVER SPOT SKIPPER,SILVER SPOT SKIPPER
375,74,74,ZEBRA LONG WING,ZEBRA LONG WING
376,39,39,MALACHITE,MALACHITE
377,74,74,ZEBRA LONG WING,ZEBRA LONG WING
378,66,66,SOUTHERN DOGFACE,SOUTHERN DOGFACE
379,33,33,GREEN CELLED CATTLEHEART,GREEN CELLED CATTLEHEART
380,72,72,WOOD SATYR,WOOD SATYR
381,46,46,ORANGE OAKLEAF,ORANGE OAKLEAF
382,11,11,BLUE SPOTTED CROW,BLUE SPOTTED CROW
383,59,59,RED CRACKER,RED CRACKER
384,64,19,SLEEPY ORANGE,CLOUDED SULPHUR
385,46,46,ORANGE OAKLEAF,ORANGE OAKLEAF
386,40,40,MANGROVE SKIPPER,MANGROVE SKIPPER
387,23,23,CRECENT,CRECENT
388,67,67,STRAITED QUEEN,STRAITED QUEEN
389,44,44,MONARCH,MONARCH
390,8,8,BECKERS WHITE,BECKERS WHITE
391,9,9,BLACK HAIRSTREAK,BLACK HAIRSTREAK
392,67,44,STRAITED QUEEN,MONARCH
393,10,10,BLUE MORPHO,BLUE MORPHO
394,23,23,CRECENT,CRECENT
395,68,68,TROPICAL LEAFWING,TROPICAL LEAFWING
396,61,61,RED SPOTTED PURPLE,RED SPOTTED PURPLE
397,36,36,IPHICLUS SISTER,IPHICLUS SISTER
398,70,70,ULYSES,ULYSES
399,66,19,SOUTHERN DOGFACE,CLOUDED SULPHUR
400,36,36,IPHICLUS SISTER,IPHICLUS SISTER
401,41,41,MESTRA,MESTRA
402,14,14,CAIRNS BIRDWING,CAIRNS BIRDWING
403,19,19,CLOUDED SULPHUR,CLOUDED SULPHUR
404,58,58,RED ADMIRAL,RED ADMIRAL
405,64,64,SLEEPY ORANGE,SLEEPY ORANGE
406,15,15,CHECQUERED SKIPPER,CHECQUERED SKIPPER
407,11,11,BLUE SPOTTED CROW,BLUE SPOTTED CROW
408,36,7,IPHICLUS SISTER,BANDED PEACOCK
409,55,55,PURPLE HAIRSTREAK,PURPLE HAIRSTREAK
410,25,25,DANAID EGGFLY,DANAID EGGFLY
411,54,54,POPINJAY,POPINJAY
412,67,67,STRAITED QUEEN,STRAITED QUEEN
413,62,62,SCARCE SWALLOW,SCARCE SWALLOW
414,39,39,MALACHITE,MALACHITE
415,33,33,GREEN CELLED CATTLEHEART,GREEN CELLED CATTLEHEART
416,28,28,EASTERN PINE ELFIN,EASTERN PINE ELFIN
417,65,65,SOOTYWING,SOOTYWING
418,7,31,BANDED PEACOCK,GREAT EGGFLY
419,43,43,MILBERTS TORTOISESHELL,MILBERTS TORTOISESHELL
420,17,17,CLEOPATRA,CLEOPATRA
421,64,56,SLEEPY ORANGE,PURPLISH COPPER
422,73,73,YELLOW SWALLOW TAIL,YELLOW SWALLOW TAIL
423,68,68,TROPICAL LEAFWING,TROPICAL LEAFWING
424,23,23,CRECENT,CRECENT
425,34,34,GREY HAIRSTREAK,GREY HAIRSTREAK
426,70,70,ULYSES,ULYSES
427,38,22,LARGE MARBLE,COPPER TAIL
428,27,27,EASTERN DAPPLE WHITE,EASTERN DAPPLE WHITE
429,53,53,PIPEVINE SWALLOW,PIPEVINE SWALLOW
430,14,14,CAIRNS BIRDWING,CAIRNS BIRDWING
431,18,20,CLODIUS PARNASSIAN,COMMON BANDED AWL
432,6,6,BANDED ORANGE HELICONIAN,BANDED ORANGE HELICONIAN
433,32,32,GREAT JAY,GREAT JAY
434,32,32,GREAT JAY,GREAT JAY
435,25,25,DANAID EGGFLY,DANAID EGGFLY
436,3,3,AN 88,AN 88
437,45,45,MOURNING CLOAK,MOURNING CLOAK
438,62,62,SCARCE SWALLOW,SCARCE SWALLOW
439,52,8,PINE WHITE,BECKERS WHITE
440,0,0,ADONIS,ADONIS
441,18,18,CLODIUS PARNASSIAN,CLODIUS PARNASSIAN
442,27,27,EASTERN DAPPLE WHITE,EASTERN DAPPLE WHITE
443,68,68,TROPICAL LEAFWING,TROPICAL LEAFWING
444,9,55,BLACK HAIRSTREAK,PURPLE HAIRSTREAK
445,5,5,ATALA,ATALA
446,70,11,ULYSES,BLUE SPOTTED CROW
447,34,34,GREY HAIRSTREAK,GREY HAIRSTREAK
448,47,47,ORANGE TIP,ORANGE TIP
449,6,6,BANDED ORANGE HELICONIAN,BANDED ORANGE HELICONIAN
450,62,62,SCARCE SWALLOW,SCARCE SWALLOW
451,25,25,DANAID EGGFLY,DANAID EGGFLY
452,34,34,GREY HAIRSTREAK,GREY HAIRSTREAK
453,41,41,MESTRA,MESTRA
454,21,21,COMMON WOOD-NYMPH,COMMON WOOD-NYMPH
455,14,14,CAIRNS BIRDWING,CAIRNS BIRDWING
456,39,39,MALACHITE,MALACHITE
457,57,57,QUESTION MARK,QUESTION MARK
458,57,57,QUESTION MARK,QUESTION MARK
459,63,63,SILVER SPOT SKIPPER,SILVER SPOT SKIPPER
460,29,29,ELBOWED PIERROT,ELBOWED PIERROT
461,47,47,ORANGE TIP,ORANGE TIP
462,22,22,COPPER TAIL,COPPER TAIL
463,17,17,CLEOPATRA,CLEOPATRA
464,15,15,CHECQUERED SKIPPER,CHECQUERED SKIPPER
465,8,8,BECKERS WHITE,BECKERS WHITE
466,7,7,BANDED PEACOCK,BANDED PEACOCK
467,7,7,BANDED PEACOCK,BANDED PEACOCK
468,28,28,EASTERN PINE ELFIN,EASTERN PINE ELFIN
469,69,69,TWO BARRED FLASHER,TWO BARRED FLASHER
470,61,61,RED SPOTTED PURPLE,RED SPOTTED PURPLE
471,20,20,COMMON BANDED AWL,COMMON BANDED AWL
472,25,25,DANAID EGGFLY,DANAID EGGFLY
473,0,0,ADONIS,ADONIS
474,6,6,BANDED ORANGE HELICONIAN,BANDED ORANGE HELICONIAN
475,71,71,VICEROY,VICEROY
476,41,41,MESTRA,MESTRA
477,69,69,TWO BARRED FLASHER,TWO BARRED FLASHER
478,64,64,SLEEPY ORANGE,SLEEPY ORANGE
479,43,43,MILBERTS TORTOISESHELL,MILBERTS TORTOISESHELL
480,11,11,BLUE SPOTTED CROW,BLUE SPOTTED CROW
481,13,13,CABBAGE WHITE,CABBAGE WHITE
482,21,21,COMMON WOOD-NYMPH,COMMON WOOD-NYMPH
483,24,24,CRIMSON PATCH,CRIMSON PATCH
484,64,64,SLEEPY ORANGE,SLEEPY ORANGE
485,20,20,COMMON BANDED AWL,COMMON BANDED AWL
486,45,45,MOURNING CLOAK,MOURNING CLOAK
487,49,49,PAINTED LADY,PAINTED LADY
488,21,21,COMMON WOOD-NYMPH,COMMON WOOD-NYMPH
489,70,70,ULYSES,ULYSES
490,67,67,STRAITED QUEEN,STRAITED QUEEN
491,12,12,BROWN SIPROETA,BROWN SIPROETA
492,8,8,BECKERS WHITE,BECKERS WHITE
493,15,15,CHECQUERED SKIPPER,CHECQUERED SKIPPER
494,24,24,CRIMSON PATCH,CRIMSON PATCH
495,28,28,EASTERN PINE ELFIN,EASTERN PINE ELFIN
496,60,33,RED POSTMAN,GREEN CELLED CATTLEHEART
497,8,8,BECKERS WHITE,BECKERS WHITE
498,49,49,PAINTED LADY,PAINTED LADY
499,40,40,MANGROVE SKIPPER,MANGROVE SKIPPER
500,44,44,MONARCH,MONARCH
501,24,24,CRIMSON PATCH,CRIMSON PATCH
502,67,67,STRAITED QUEEN,STRAITED QUEEN
503,23,23,CRECENT,CRECENT
504,41,41,MESTRA,MESTRA
505,12,12,BROWN SIPROETA,BROWN SIPROETA
506,16,16,CHESTNUT,CHESTNUT
507,44,44,MONARCH,MONARCH
508,53,53,PIPEVINE SWALLOW,PIPEVINE SWALLOW
509,28,28,EASTERN PINE ELFIN,EASTERN PINE ELFIN
510,50,50,PAPER KITE,PAPER KITE
511,59,59,RED CRACKER,RED CRACKER
512,38,38,LARGE MARBLE,LARGE MARBLE
513,35,35,INDRA SWALLOW,INDRA SWALLOW
514,43,43,MILBERTS TORTOISESHELL,MILBERTS TORTOISESHELL
515,39,39,MALACHITE,MALACHITE
516,42,42,METALMARK,METALMARK
517,30,30,GOLD BANDED,GOLD BANDED
518,3,3,AN 88,AN 88
519,43,43,MILBERTS TORTOISESHELL,MILBERTS TORTOISESHELL
520,40,40,MANGROVE SKIPPER,MANGROVE SKIPPER
521,30,31,GOLD BANDED,GREAT EGGFLY
522,58,58,RED ADMIRAL,RED ADMIRAL
523,44,44,MONARCH,MONARCH
524,7,7,BANDED PEACOCK,BANDED PEACOCK
525,47,47,ORANGE TIP,ORANGE TIP
526,48,48,ORCHARD SWALLOW,ORCHARD SWALLOW
527,30,30,GOLD BANDED,GOLD BANDED
528,45,45,MOURNING CLOAK,MOURNING CLOAK
529,31,31,GREAT EGGFLY,GREAT EGGFLY
530,26,57,EASTERN COMA,QUESTION MARK
531,31,31,GREAT EGGFLY,GREAT EGGFLY
532,49,49,PAINTED LADY,PAINTED LADY
533,47,47,ORANGE TIP,ORANGE TIP
534,45,45,MOURNING CLOAK,MOURNING CLOAK
535,61,61,RED SPOTTED PURPLE,RED SPOTTED PURPLE
536,61,61,RED SPOTTED PURPLE,RED SPOTTED PURPLE
537,22,22,COPPER TAIL,COPPER TAIL
538,4,4,APPOLLO,APPOLLO
539,63,63,SILVER SPOT SKIPPER,SILVER SPOT SKIPPER
540,36,36,IPHICLUS SISTER,IPHICLUS SISTER
541,6,6,BANDED ORANGE HELICONIAN,BANDED ORANGE HELICONIAN
542,62,62,SCARCE SWALLOW,SCARCE SWALLOW
543,69,69,TWO BARRED FLASHER,TWO BARRED FLASHER
544,67,67,STRAITED QUEEN,STRAITED QUEEN
545,64,64,SLEEPY ORANGE,SLEEPY ORANGE
546,65,65,SOOTYWING,SOOTYWING
547,10,10,BLUE MORPHO,BLUE MORPHO
548,6,6,BANDED ORANGE HELICONIAN,BANDED ORANGE HELICONIAN
549,36,36,IPHICLUS SISTER,IPHICLUS SISTER
550,3,3,AN 88,AN 88
551,41,41,MESTRA,MESTRA
552,71,71,VICEROY,VICEROY
553,2,2,AMERICAN SNOOT,AMERICAN SNOOT
554,73,73,YELLOW SWALLOW TAIL,YELLOW SWALLOW TAIL
555,38,38,LARGE MARBLE,LARGE MARBLE
556,26,26,EASTERN COMA,EASTERN COMA
557,22,22,COPPER TAIL,COPPER TAIL
558,3,6,AN 88,BANDED ORANGE HELICONIAN
559,66,66,SOUTHERN DOGFACE,SOUTHERN DOGFACE
560,62,62,SCARCE SWALLOW,SCARCE SWALLOW
561,6,6,BANDED ORANGE HELICONIAN,BANDED ORANGE HELICONIAN
562,19,19,CLOUDED SULPHUR,CLOUDED SULPHUR
563,29,29,ELBOWED PIERROT,ELBOWED PIERROT
564,25,25,DANAID EGGFLY,DANAID EGGFLY
565,15,15,CHECQUERED SKIPPER,CHECQUERED SKIPPER
566,64,64,SLEEPY ORANGE,SLEEPY ORANGE
567,8,8,BECKERS WHITE,BECKERS WHITE
568,9,9,BLACK HAIRSTREAK,BLACK HAIRSTREAK
569,71,71,VICEROY,VICEROY
570,42,42,METALMARK,METALMARK
571,34,34,GREY HAIRSTREAK,GREY HAIRSTREAK
572,73,73,YELLOW SWALLOW TAIL,YELLOW SWALLOW TAIL
573,28,28,EASTERN PINE ELFIN,EASTERN PINE ELFIN
574,54,54,POPINJAY,POPINJAY
575,0,0,ADONIS,ADONIS
576,37,37,JULIA,JULIA
577,45,45,MOURNING CLOAK,MOURNING CLOAK
578,21,21,COMMON WOOD-NYMPH,COMMON WOOD-NYMPH
579,3,3,AN 88,AN 88
580,55,55,PURPLE HAIRSTREAK,PURPLE HAIRSTREAK
581,39,39,MALACHITE,MALACHITE
582,69,69,TWO BARRED FLASHER,TWO BARRED FLASHER
583,65,65,SOOTYWING,SOOTYWING
584,22,34,COPPER TAIL,GREY HAIRSTREAK
585,9,9,BLACK HAIRSTREAK,BLACK HAIRSTREAK
586,67,67,STRAITED QUEEN,STRAITED QUEEN
587,62,62,SCARCE SWALLOW,SCARCE SWALLOW
588,36,36,IPHICLUS SISTER,IPHICLUS SISTER
589,32,32,GREAT JAY,GREAT JAY
590,50,50,PAPER KITE,PAPER KITE
591,60,60,RED POSTMAN,RED POSTMAN
592,48,48,ORCHARD SWALLOW,ORCHARD SWALLOW
593,56,56,PURPLISH COPPER,PURPLISH COPPER
594,0,0,ADONIS,ADONIS
595,0,0,ADONIS,ADONIS
596,56,56,PURPLISH COPPER,PURPLISH COPPER
597,41,41,MESTRA,MESTRA
598,72,72,WOOD SATYR,WOOD SATYR
599,48,25,ORCHARD SWALLOW,DANAID EGGFLY
600,67,67,STRAITED QUEEN,STRAITED QUEEN
601,23,23,CRECENT,CRECENT
602,44,44,MONARCH,MONARCH
603,74,74,ZEBRA LONG WING,ZEBRA LONG WING
604,14,14,CAIRNS BIRDWING,CAIRNS BIRDWING
605,27,8,EASTERN DAPPLE WHITE,BECKERS WHITE
606,74,74,ZEBRA LONG WING,ZEBRA LONG WING
607,47,47,ORANGE TIP,ORANGE TIP
608,30,30,GOLD BANDED,GOLD BANDED
609,18,18,CLODIUS PARNASSIAN,CLODIUS PARNASSIAN
610,35,35,INDRA SWALLOW,INDRA SWALLOW
611,36,36,IPHICLUS SISTER,IPHICLUS SISTER
612,8,8,BECKERS WHITE,BECKERS WHITE
613,28,28,EASTERN PINE ELFIN,EASTERN PINE ELFIN
614,7,7,BANDED PEACOCK,BANDED PEACOCK
615,42,42,METALMARK,METALMARK
616,45,45,MOURNING CLOAK,MOURNING CLOAK
617,38,27,LARGE MARBLE,EASTERN DAPPLE WHITE
618,53,53,PIPEVINE SWALLOW,PIPEVINE SWALLOW
619,44,44,MONARCH,MONARCH
620,63,63,SILVER SPOT SKIPPER,SILVER SPOT SKIPPER
621,11,65,BLUE SPOTTED CROW,SOOTYWING
622,21,21,COMMON WOOD-NYMPH,COMMON WOOD-NYMPH
623,72,21,WOOD SATYR,COMMON WOOD-NYMPH
624,54,54,POPINJAY,POPINJAY
625,58,58,RED ADMIRAL,RED ADMIRAL
626,36,36,IPHICLUS SISTER,IPHICLUS SISTER
627,9,9,BLACK HAIRSTREAK,BLACK HAIRSTREAK
628,37,37,JULIA,JULIA
629,33,33,GREEN CELLED CATTLEHEART,GREEN CELLED CATTLEHEART
630,60,60,RED POSTMAN,RED POSTMAN
631,52,52,PINE WHITE,PINE WHITE
632,40,55,MANGROVE SKIPPER,PURPLE HAIRSTREAK
633,15,15,CHECQUERED SKIPPER,CHECQUERED SKIPPER
634,16,16,CHESTNUT,CHESTNUT
635,36,36,IPHICLUS SISTER,IPHICLUS SISTER
636,26,26,EASTERN COMA,EASTERN COMA
637,5,5,ATALA,ATALA
638,28,28,EASTERN PINE ELFIN,EASTERN PINE ELFIN
639,30,30,GOLD BANDED,GOLD BANDED
640,74,74,ZEBRA LONG WING,ZEBRA LONG WING
641,20,20,COMMON BANDED AWL,COMMON BANDED AWL
642,71,71,VICEROY,VICEROY
643,34,34,GREY HAIRSTREAK,GREY HAIRSTREAK
644,71,71,VICEROY,VICEROY
645,25,31,DANAID EGGFLY,GREAT EGGFLY
646,9,9,BLACK HAIRSTREAK,BLACK HAIRSTREAK
647,37,37,JULIA,JULIA
648,19,19,CLOUDED SULPHUR,CLOUDED SULPHUR
649,1,1,AFRICAN GIANT SWALLOWTAIL,AFRICAN GIANT SWALLOWTAIL
650,24,24,CRIMSON PATCH,CRIMSON PATCH
651,27,27,EASTERN DAPPLE WHITE,EASTERN DAPPLE WHITE
652,13,13,CABBAGE WHITE,CABBAGE WHITE
653,26,26,EASTERN COMA,EASTERN COMA
654,13,13,CABBAGE WHITE,CABBAGE WHITE
655,71,71,VICEROY,VICEROY
656,45,45,MOURNING CLOAK,MOURNING CLOAK
657,56,56,PURPLISH COPPER,PURPLISH COPPER
658,2,2,AMERICAN SNOOT,AMERICAN SNOOT
659,51,58,PEACOCK,RED ADMIRAL
660,72,72,WOOD SATYR,WOOD SATYR
661,17,17,CLEOPATRA,CLEOPATRA
662,16,16,CHESTNUT,CHESTNUT
663,68,68,TROPICAL LEAFWING,TROPICAL LEAFWING
664,13,13,CABBAGE WHITE,CABBAGE WHITE
665,45,45,MOURNING CLOAK,MOURNING CLOAK
666,8,8,BECKERS WHITE,BECKERS WHITE
667,27,27,EASTERN DAPPLE WHITE,EASTERN DAPPLE WHITE
668,40,40,MANGROVE SKIPPER,MANGROVE SKIPPER
669,70,10,ULYSES,BLUE MORPHO
670,37,37,JULIA,JULIA
671,5,5,ATALA,ATALA
672,46,46,ORANGE OAKLEAF,ORANGE OAKLEAF
673,55,55,PURPLE HAIRSTREAK,PURPLE HAIRSTREAK
674,15,15,CHECQUERED SKIPPER,CHECQUERED SKIPPER
675,1,1,AFRICAN GIANT SWALLOWTAIL,AFRICAN GIANT SWALLOWTAIL
676,62,62,SCARCE SWALLOW,SCARCE SWALLOW
677,39,39,MALACHITE,MALACHITE
678,34,34,GREY HAIRSTREAK,GREY HAIRSTREAK
679,61,61,RED SPOTTED PURPLE,RED SPOTTED PURPLE
680,44,44,MONARCH,MONARCH
681,13,13,CABBAGE WHITE,CABBAGE WHITE
682,27,27,EASTERN DAPPLE WHITE,EASTERN DAPPLE WHITE
683,58,58,RED ADMIRAL,RED ADMIRAL
684,5,5,ATALA,ATALA
685,46,46,ORANGE OAKLEAF,ORANGE OAKLEAF
686,36,36,IPHICLUS SISTER,IPHICLUS SISTER
687,7,7,BANDED PEACOCK,BANDED PEACOCK
688,51,51,PEACOCK,PEACOCK
689,25,25,DANAID EGGFLY,DANAID EGGFLY
690,20,65,COMMON BANDED AWL,SOOTYWING
691,14,14,CAIRNS BIRDWING,CAIRNS BIRDWING
692,58,58,RED ADMIRAL,RED ADMIRAL
693,16,16,CHESTNUT,CHESTNUT
694,31,37,GREAT EGGFLY,JULIA
695,7,7,BANDED PEACOCK,BANDED PEACOCK
696,36,36,IPHICLUS SISTER,IPHICLUS SISTER
697,16,16,CHESTNUT,CHESTNUT
698,30,30,GOLD BANDED,GOLD BANDED
699,56,56,PURPLISH COPPER,PURPLISH COPPER
700,59,59,RED CRACKER,RED CRACKER
701,21,21,COMMON WOOD-NYMPH,COMMON WOOD-NYMPH
702,24,24,CRIMSON PATCH,CRIMSON PATCH
703,69,69,TWO BARRED FLASHER,TWO BARRED FLASHER
704,36,36,IPHICLUS SISTER,IPHICLUS SISTER
705,57,57,QUESTION MARK,QUESTION MARK
706,33,33,GREEN CELLED CATTLEHEART,GREEN CELLED CATTLEHEART
707,17,17,CLEOPATRA,CLEOPATRA
708,1,1,AFRICAN GIANT SWALLOWTAIL,AFRICAN GIANT SWALLOWTAIL
709,61,61,RED SPOTTED PURPLE,RED SPOTTED PURPLE
710,73,73,YELLOW SWALLOW TAIL,YELLOW SWALLOW TAIL
711,56,56,PURPLISH COPPER,PURPLISH COPPER
712,60,60,RED POSTMAN,RED POSTMAN
713,29,29,ELBOWED PIERROT,ELBOWED PIERROT
714,64,19,SLEEPY ORANGE,CLOUDED SULPHUR
715,30,15,GOLD BANDED,CHECQUERED SKIPPER
716,32,32,GREAT JAY,GREAT JAY
717,42,7,METALMARK,BANDED PEACOCK
718,54,54,POPINJAY,POPINJAY
719,60,60,RED POSTMAN,RED POSTMAN
720,45,45,MOURNING CLOAK,MOURNING CLOAK
721,11,11,BLUE SPOTTED CROW,BLUE SPOTTED CROW
722,65,65,SOOTYWING,SOOTYWING
723,14,14,CAIRNS BIRDWING,CAIRNS BIRDWING
724,65,65,SOOTYWING,SOOTYWING
725,12,12,BROWN SIPROETA,BROWN SIPROETA
726,66,19,SOUTHERN DOGFACE,CLOUDED SULPHUR
727,22,55,COPPER TAIL,PURPLE HAIRSTREAK
728,21,21,COMMON WOOD-NYMPH,COMMON WOOD-NYMPH
729,31,65,GREAT EGGFLY,SOOTYWING
730,0,0,ADONIS,ADONIS
731,5,5,ATALA,ATALA
732,20,20,COMMON BANDED AWL,COMMON BANDED AWL
733,35,35,INDRA SWALLOW,INDRA SWALLOW
734,6,6,BANDED ORANGE HELICONIAN,BANDED ORANGE HELICONIAN
735,68,68,TROPICAL LEAFWING,TROPICAL LEAFWING
736,45,45,MOURNING CLOAK,MOURNING CLOAK
737,34,34,GREY HAIRSTREAK,GREY HAIRSTREAK
738,74,74,ZEBRA LONG WING,ZEBRA LONG WING
739,64,64,SLEEPY ORANGE,SLEEPY ORANGE
740,13,13,CABBAGE WHITE,CABBAGE WHITE
741,17,17,CLEOPATRA,CLEOPATRA
742,41,41,MESTRA,MESTRA
743,58,58,RED ADMIRAL,RED ADMIRAL
744,62,62,SCARCE SWALLOW,SCARCE SWALLOW
745,52,52,PINE WHITE,PINE WHITE
746,22,22,COPPER TAIL,COPPER TAIL
747,6,6,BANDED ORANGE HELICONIAN,BANDED ORANGE HELICONIAN
748,39,39,MALACHITE,MALACHITE
749,71,71,VICEROY,VICEROY
750,28,28,EASTERN PINE ELFIN,EASTERN PINE ELFIN
751,9,9,BLACK HAIRSTREAK,BLACK HAIRSTREAK
752,71,44,VICEROY,MONARCH
753,60,60,RED POSTMAN,RED POSTMAN
754,0,0,ADONIS,ADONIS
755,72,72,WOOD SATYR,WOOD SATYR
756,29,29,ELBOWED PIERROT,ELBOWED PIERROT
757,52,52,PINE WHITE,PINE WHITE
758,28,28,EASTERN PINE ELFIN,EASTERN PINE ELFIN
759,64,64,SLEEPY ORANGE,SLEEPY ORANGE
760,42,42,METALMARK,METALMARK
761,51,51,PEACOCK,PEACOCK
762,63,63,SILVER SPOT SKIPPER,SILVER SPOT SKIPPER
763,34,34,GREY HAIRSTREAK,GREY HAIRSTREAK
764,42,69,METALMARK,TWO BARRED FLASHER
765,67,67,STRAITED QUEEN,STRAITED QUEEN
766,51,51,PEACOCK,PEACOCK
767,45,45,MOURNING CLOAK,MOURNING CLOAK
768,70,70,ULYSES,ULYSES
769,50,50,PAPER KITE,PAPER KITE
770,61,61,RED SPOTTED PURPLE,RED SPOTTED PURPLE
771,64,64,SLEEPY ORANGE,SLEEPY ORANGE
772,48,48,ORCHARD SWALLOW,ORCHARD SWALLOW
773,15,15,CHECQUERED SKIPPER,CHECQUERED SKIPPER
774,37,37,JULIA,JULIA
775,10,10,BLUE MORPHO,BLUE MORPHO
776,59,59,RED CRACKER,RED CRACKER
777,59,59,RED CRACKER,RED CRACKER
778,39,39,MALACHITE,MALACHITE
779,2,2,AMERICAN SNOOT,AMERICAN SNOOT
780,44,44,MONARCH,MONARCH
781,37,37,JULIA,JULIA
782,1,71,AFRICAN GIANT SWALLOWTAIL,VICEROY
783,57,26,QUESTION MARK,EASTERN COMA
784,14,14,CAIRNS BIRDWING,CAIRNS BIRDWING
785,39,39,MALACHITE,MALACHITE
786,30,63,GOLD BANDED,SILVER SPOT SKIPPER
787,29,29,ELBOWED PIERROT,ELBOWED PIERROT
788,22,56,COPPER TAIL,PURPLISH COPPER
789,68,68,TROPICAL LEAFWING,TROPICAL LEAFWING
790,50,50,PAPER KITE,PAPER KITE
791,30,30,GOLD BANDED,GOLD BANDED
792,7,7,BANDED PEACOCK,BANDED PEACOCK
793,27,27,EASTERN DAPPLE WHITE,EASTERN DAPPLE WHITE
794,20,20,COMMON BANDED AWL,COMMON BANDED AWL
795,23,22,CRECENT,COPPER TAIL
796,37,37,JULIA,JULIA
797,35,35,INDRA SWALLOW,INDRA SWALLOW
798,9,34,BLACK HAIRSTREAK,GREY HAIRSTREAK
799,14,14,CAIRNS BIRDWING,CAIRNS BIRDWING
800,35,35,INDRA SWALLOW,INDRA SWALLOW
801,21,21,COMMON WOOD-NYMPH,COMMON WOOD-NYMPH
802,52,52,PINE WHITE,PINE WHITE
803,5,5,ATALA,ATALA
804,20,20,COMMON BANDED AWL,COMMON BANDED AWL
805,21,21,COMMON WOOD-NYMPH,COMMON WOOD-NYMPH
806,15,15,CHECQUERED SKIPPER,CHECQUERED SKIPPER
807,18,18,CLODIUS PARNASSIAN,CLODIUS PARNASSIAN
808,9,9,BLACK HAIRSTREAK,BLACK HAIRSTREAK
809,64,64,SLEEPY ORANGE,SLEEPY ORANGE
810,65,65,SOOTYWING,SOOTYWING
811,18,18,CLODIUS PARNASSIAN,CLODIUS PARNASSIAN
812,24,24,CRIMSON PATCH,CRIMSON PATCH
813,50,50,PAPER KITE,PAPER KITE
814,62,62,SCARCE SWALLOW,SCARCE SWALLOW
815,47,47,ORANGE TIP,ORANGE TIP
816,11,11,BLUE SPOTTED CROW,BLUE SPOTTED CROW
817,2,2,AMERICAN SNOOT,AMERICAN SNOOT
818,16,16,CHESTNUT,CHESTNUT
819,11,11,BLUE SPOTTED CROW,BLUE SPOTTED CROW
820,65,65,SOOTYWING,SOOTYWING
821,45,45,MOURNING CLOAK,MOURNING CLOAK
822,60,60,RED POSTMAN,RED POSTMAN
823,41,41,MESTRA,MESTRA
824,6,6,BANDED ORANGE HELICONIAN,BANDED ORANGE HELICONIAN
825,12,31,BROWN SIPROETA,GREAT EGGFLY
826,4,4,APPOLLO,APPOLLO
827,41,41,MESTRA,MESTRA
828,30,30,GOLD BANDED,GOLD BANDED
829,23,23,CRECENT,CRECENT
830,13,13,CABBAGE WHITE,CABBAGE WHITE
831,50,50,PAPER KITE,PAPER KITE
832,0,0,ADONIS,ADONIS
833,54,54,POPINJAY,POPINJAY
834,56,56,PURPLISH COPPER,PURPLISH COPPER
835,46,46,ORANGE OAKLEAF,ORANGE OAKLEAF
836,58,58,RED ADMIRAL,RED ADMIRAL
837,16,16,CHESTNUT,CHESTNUT
838,54,54,POPINJAY,POPINJAY
839,4,8,APPOLLO,BECKERS WHITE
840,56,56,PURPLISH COPPER,PURPLISH COPPER
841,73,73,YELLOW SWALLOW TAIL,YELLOW SWALLOW TAIL
842,33,33,GREEN CELLED CATTLEHEART,GREEN CELLED CATTLEHEART
843,33,33,GREEN CELLED CATTLEHEART,GREEN CELLED CATTLEHEART
844,11,11,BLUE SPOTTED CROW,BLUE SPOTTED CROW
845,65,65,SOOTYWING,SOOTYWING
846,12,12,BROWN SIPROETA,BROWN SIPROETA
847,2,2,AMERICAN SNOOT,AMERICAN SNOOT
848,45,45,MOURNING CLOAK,MOURNING CLOAK
849,7,7,BANDED PEACOCK,BANDED PEACOCK
850,0,0,ADONIS,ADONIS
851,49,49,PAINTED LADY,PAINTED LADY
852,5,5,ATALA,ATALA
853,64,17,SLEEPY ORANGE,CLEOPATRA
854,35,35,INDRA SWALLOW,INDRA SWALLOW
855,21,21,COMMON WOOD-NYMPH,COMMON WOOD-NYMPH
856,32,32,GREAT JAY,GREAT JAY
857,35,35,INDRA SWALLOW,INDRA SWALLOW
858,59,59,RED CRACKER,RED CRACKER
859,44,44,MONARCH,MONARCH
860,51,51,PEACOCK,PEACOCK
861,66,66,SOUTHERN DOGFACE,SOUTHERN DOGFACE
862,12,12,BROWN SIPROETA,BROWN SIPROETA
863,68,68,TROPICAL LEAFWING,TROPICAL LEAFWING
864,3,3,AN 88,AN 88
865,28,65,EASTERN PINE ELFIN,SOOTYWING
866,61,61,RED SPOTTED PURPLE,RED SPOTTED PURPLE
867,55,55,PURPLE HAIRSTREAK,PURPLE HAIRSTREAK
868,26,26,EASTERN COMA,EASTERN COMA
869,62,62,SCARCE SWALLOW,SCARCE SWALLOW
870,73,73,YELLOW SWALLOW TAIL,YELLOW SWALLOW TAIL
871,35,35,INDRA SWALLOW,INDRA SWALLOW
872,61,61,RED SPOTTED PURPLE,RED SPOTTED PURPLE
873,10,10,BLUE MORPHO,BLUE MORPHO
874,66,66,SOUTHERN DOGFACE,SOUTHERN DOGFACE
875,12,12,BROWN SIPROETA,BROWN SIPROETA
876,43,43,MILBERTS TORTOISESHELL,MILBERTS TORTOISESHELL
877,49,49,PAINTED LADY,PAINTED LADY
878,9,9,BLACK HAIRSTREAK,BLACK HAIRSTREAK
879,15,15,CHECQUERED SKIPPER,CHECQUERED SKIPPER
880,29,29,ELBOWED PIERROT,ELBOWED PIERROT
881,56,56,PURPLISH COPPER,PURPLISH COPPER
882,10,10,BLUE MORPHO,BLUE MORPHO
883,49,49,PAINTED LADY,PAINTED LADY
884,59,59,RED CRACKER,RED CRACKER
885,68,68,TROPICAL LEAFWING,TROPICAL LEAFWING
886,23,23,CRECENT,CRECENT
887,35,35,INDRA SWALLOW,INDRA SWALLOW
888,35,35,INDRA SWALLOW,INDRA SWALLOW
889,45,45,MOURNING CLOAK,MOURNING CLOAK
890,22,22,COPPER TAIL,COPPER TAIL
891,46,46,ORANGE OAKLEAF,ORANGE OAKLEAF
892,1,1,AFRICAN GIANT SWALLOWTAIL,AFRICAN GIANT SWALLOWTAIL
893,74,74,ZEBRA LONG WING,ZEBRA LONG WING
894,50,50,PAPER KITE,PAPER KITE
895,32,32,GREAT JAY,GREAT JAY
896,30,30,GOLD BANDED,GOLD BANDED
897,6,6,BANDED ORANGE HELICONIAN,BANDED ORANGE HELICONIAN
898,68,68,TROPICAL LEAFWING,TROPICAL LEAFWING
899,53,53,PIPEVINE SWALLOW,PIPEVINE SWALLOW
900,62,62,SCARCE SWALLOW,SCARCE SWALLOW
901,25,25,DANAID EGGFLY,DANAID EGGFLY
902,15,15,CHECQUERED SKIPPER,CHECQUERED SKIPPER
903,13,13,CABBAGE WHITE,CABBAGE WHITE
904,64,64,SLEEPY ORANGE,SLEEPY ORANGE
905,33,33,GREEN CELLED CATTLEHEART,GREEN CELLED CATTLEHEART
906,15,15,CHECQUERED SKIPPER,CHECQUERED SKIPPER
907,48,48,ORCHARD SWALLOW,ORCHARD SWALLOW
908,8,8,BECKERS WHITE,BECKERS WHITE
909,64,19,SLEEPY ORANGE,CLOUDED SULPHUR
910,0,0,ADONIS,ADONIS
911,28,28,EASTERN PINE ELFIN,EASTERN PINE ELFIN
912,59,59,RED CRACKER,RED CRACKER
913,57,57,QUESTION MARK,QUESTION MARK
914,19,19,CLOUDED SULPHUR,CLOUDED SULPHUR
915,32,32,GREAT JAY,GREAT JAY
916,32,48,GREAT JAY,ORCHARD SWALLOW
917,27,27,EASTERN DAPPLE WHITE,EASTERN DAPPLE WHITE
918,27,27,EASTERN DAPPLE WHITE,EASTERN DAPPLE WHITE
919,12,12,BROWN SIPROETA,BROWN SIPROETA
920,2,68,AMERICAN SNOOT,TROPICAL LEAFWING
921,52,52,PINE WHITE,PINE WHITE
922,51,51,PEACOCK,PEACOCK
923,31,31,GREAT EGGFLY,GREAT EGGFLY
924,33,33,GREEN CELLED CATTLEHEART,GREEN CELLED CATTLEHEART
925,33,33,GREEN CELLED CATTLEHEART,GREEN CELLED CATTLEHEART
926,38,27,LARGE MARBLE,EASTERN DAPPLE WHITE
927,73,73,YELLOW SWALLOW TAIL,YELLOW SWALLOW TAIL
928,23,23,CRECENT,CRECENT
929,37,37,JULIA,JULIA
930,13,13,CABBAGE WHITE,CABBAGE WHITE
931,52,52,PINE WHITE,PINE WHITE
932,50,50,PAPER KITE,PAPER KITE
933,59,59,RED CRACKER,RED CRACKER
934,9,34,BLACK HAIRSTREAK,GREY HAIRSTREAK
935,19,17,CLOUDED SULPHUR,CLEOPATRA
936,9,55,BLACK HAIRSTREAK,PURPLE HAIRSTREAK
937,70,70,ULYSES,ULYSES
938,12,12,BROWN SIPROETA,BROWN SIPROETA
939,31,31,GREAT EGGFLY,GREAT EGGFLY
940,53,53,PIPEVINE SWALLOW,PIPEVINE SWALLOW
941,17,17,CLEOPATRA,CLEOPATRA
942,23,23,CRECENT,CRECENT
943,40,40,MANGROVE SKIPPER,MANGROVE SKIPPER
944,36,36,IPHICLUS SISTER,IPHICLUS SISTER
945,65,65,SOOTYWING,SOOTYWING
946,23,23,CRECENT,CRECENT
947,54,54,POPINJAY,POPINJAY
948,26,57,EASTERN COMA,QUESTION MARK
949,3,3,AN 88,AN 88
950,63,63,SILVER SPOT SKIPPER,SILVER SPOT SKIPPER
951,16,16,CHESTNUT,CHESTNUT
952,19,19,CLOUDED SULPHUR,CLOUDED SULPHUR
953,28,28,EASTERN PINE ELFIN,EASTERN PINE ELFIN
954,74,74,ZEBRA LONG WING,ZEBRA LONG WING
955,67,67,STRAITED QUEEN,STRAITED QUEEN
956,63,63,SILVER SPOT SKIPPER,SILVER SPOT SKIPPER
957,61,61,RED SPOTTED PURPLE,RED SPOTTED PURPLE
958,43,26,MILBERTS TORTOISESHELL,EASTERN COMA
959,32,32,GREAT JAY,GREAT JAY
960,71,71,VICEROY,VICEROY
961,53,53,PIPEVINE SWALLOW,PIPEVINE SWALLOW
962,17,17,CLEOPATRA,CLEOPATRA
963,28,28,EASTERN PINE ELFIN,EASTERN PINE ELFIN
964,47,47,ORANGE TIP,ORANGE TIP
965,26,57,EASTERN COMA,QUESTION MARK
966,6,6,BANDED ORANGE HELICONIAN,BANDED ORANGE HELICONIAN
967,32,32,GREAT JAY,GREAT JAY
968,36,36,IPHICLUS SISTER,IPHICLUS SISTER
969,29,29,ELBOWED PIERROT,ELBOWED PIERROT
970,44,44,MONARCH,MONARCH
971,17,17,CLEOPATRA,CLEOPATRA
972,61,61,RED SPOTTED PURPLE,RED SPOTTED PURPLE
973,63,63,SILVER SPOT SKIPPER,SILVER SPOT SKIPPER
974,35,53,INDRA SWALLOW,PIPEVINE SWALLOW
975,41,41,MESTRA,MESTRA
976,56,56,PURPLISH COPPER,PURPLISH COPPER
977,29,29,ELBOWED PIERROT,ELBOWED PIERROT
978,2,2,AMERICAN SNOOT,AMERICAN SNOOT
979,50,50,PAPER KITE,PAPER KITE
980,7,7,BANDED PEACOCK,BANDED PEACOCK
981,45,45,MOURNING CLOAK,MOURNING CLOAK
982,33,33,GREEN CELLED CATTLEHEART,GREEN CELLED CATTLEHEART
983,4,4,APPOLLO,APPOLLO
984,47,47,ORANGE TIP,ORANGE TIP
985,47,47,ORANGE TIP,ORANGE TIP
986,45,45,MOURNING CLOAK,MOURNING CLOAK
987,25,25,DANAID EGGFLY,DANAID EGGFLY
988,25,25,DANAID EGGFLY,DANAID EGGFLY
989,44,44,MONARCH,MONARCH
990,33,33,GREEN CELLED CATTLEHEART,GREEN CELLED CATTLEHEART
991,11,11,BLUE SPOTTED CROW,BLUE SPOTTED CROW
992,34,34,GREY HAIRSTREAK,GREY HAIRSTREAK
993,0,0,ADONIS,ADONIS
994,60,60,RED POSTMAN,RED POSTMAN
995,10,10,BLUE MORPHO,BLUE MORPHO
996,57,57,QUESTION MARK,QUESTION MARK
997,37,37,JULIA,JULIA
998,43,43,MILBERTS TORTOISESHELL,MILBERTS TORTOISESHELL
999,70,70,ULYSES,ULYSES
1000,6,60,BANDED ORANGE HELICONIAN,RED POSTMAN
1001,46,68,ORANGE OAKLEAF,TROPICAL LEAFWING
1002,29,29,ELBOWED PIERROT,ELBOWED PIERROT
1003,39,39,MALACHITE,MALACHITE
1004,11,11,BLUE SPOTTED CROW,BLUE SPOTTED CROW
1005,16,16,CHESTNUT,CHESTNUT
1006,42,33,METALMARK,GREEN CELLED CATTLEHEART
1007,50,50,PAPER KITE,PAPER KITE
1008,45,45,MOURNING CLOAK,MOURNING CLOAK
1009,51,51,PEACOCK,PEACOCK
1010,52,52,PINE WHITE,PINE WHITE
1011,48,48,ORCHARD SWALLOW,ORCHARD SWALLOW
1012,48,48,ORCHARD SWALLOW,ORCHARD SWALLOW
1013,16,16,CHESTNUT,CHESTNUT
1014,48,48,ORCHARD SWALLOW,ORCHARD SWALLOW
1015,21,21,COMMON WOOD-NYMPH,COMMON WOOD-NYMPH
1016,65,65,SOOTYWING,SOOTYWING
1017,56,56,PURPLISH COPPER,PURPLISH COPPER
1018,28,28,EASTERN PINE ELFIN,EASTERN PINE ELFIN
1019,62,62,SCARCE SWALLOW,SCARCE SWALLOW
1020,31,31,GREAT EGGFLY,GREAT EGGFLY
1021,74,74,ZEBRA LONG WING,ZEBRA LONG WING
1022,63,63,SILVER SPOT SKIPPER,SILVER SPOT SKIPPER
1023,52,52,PINE WHITE,PINE WHITE
1024,49,49,PAINTED LADY,PAINTED LADY
1025,6,6,BANDED ORANGE HELICONIAN,BANDED ORANGE HELICONIAN
1026,31,31,GREAT EGGFLY,GREAT EGGFLY
1027,64,68,SLEEPY ORANGE,TROPICAL LEAFWING
1028,20,20,COMMON BANDED AWL,COMMON BANDED AWL
1029,73,73,YELLOW SWALLOW TAIL,YELLOW SWALLOW TAIL
1030,42,42,METALMARK,METALMARK
1031,5,5,ATALA,ATALA
1032,19,19,CLOUDED SULPHUR,CLOUDED SULPHUR
1033,40,40,MANGROVE SKIPPER,MANGROVE SKIPPER
1034,55,55,PURPLE HAIRSTREAK,PURPLE HAIRSTREAK
1035,6,6,BANDED ORANGE HELICONIAN,BANDED ORANGE HELICONIAN
1036,27,27,EASTERN DAPPLE WHITE,EASTERN DAPPLE WHITE
1037,54,32,POPINJAY,GREAT JAY
1038,5,5,ATALA,ATALA
1039,58,58,RED ADMIRAL,RED ADMIRAL
1040,13,13,CABBAGE WHITE,CABBAGE WHITE
1041,73,73,YELLOW SWALLOW TAIL,YELLOW SWALLOW TAIL
1042,42,42,METALMARK,METALMARK
1043,56,56,PURPLISH COPPER,PURPLISH COPPER
1044,74,74,ZEBRA LONG WING,ZEBRA LONG WING
1045,25,25,DANAID EGGFLY,DANAID EGGFLY
1046,58,58,RED ADMIRAL,RED ADMIRAL
1047,51,51,PEACOCK,PEACOCK
1048,60,60,RED POSTMAN,RED POSTMAN
1049,16,16,CHESTNUT,CHESTNUT
1050,20,20,COMMON BANDED AWL,COMMON BANDED AWL
1051,66,19,SOUTHERN DOGFACE,CLOUDED SULPHUR
1052,31,31,GREAT EGGFLY,GREAT EGGFLY
1053,5,5,ATALA,ATALA
1054,56,56,PURPLISH COPPER,PURPLISH COPPER
1055,26,68,EASTERN COMA,TROPICAL LEAFWING
1056,1,1,AFRICAN GIANT SWALLOWTAIL,AFRICAN GIANT SWALLOWTAIL
1057,72,72,WOOD SATYR,WOOD SATYR
1058,22,34,COPPER TAIL,GREY HAIRSTREAK
1059,52,52,PINE WHITE,PINE WHITE
1060,53,53,PIPEVINE SWALLOW,PIPEVINE SWALLOW
1061,51,51,PEACOCK,PEACOCK
1062,19,19,CLOUDED SULPHUR,CLOUDED SULPHUR
1063,1,1,AFRICAN GIANT SWALLOWTAIL,AFRICAN GIANT SWALLOWTAIL
1064,65,65,SOOTYWING,SOOTYWING
1065,8,8,BECKERS WHITE,BECKERS WHITE
1066,66,66,SOUTHERN DOGFACE,SOUTHERN DOGFACE
1067,3,3,AN 88,AN 88
1068,18,18,CLODIUS PARNASSIAN,CLODIUS PARNASSIAN
1069,10,10,BLUE MORPHO,BLUE MORPHO
1070,70,70,ULYSES,ULYSES
1071,2,46,AMERICAN SNOOT,ORANGE OAKLEAF
1072,12,12,BROWN SIPROETA,BROWN SIPROETA
1073,30,30,GOLD BANDED,GOLD BANDED
1074,45,45,MOURNING CLOAK,MOURNING CLOAK
1075,55,34,PURPLE HAIRSTREAK,GREY HAIRSTREAK
1076,29,16,ELBOWED PIERROT,CHESTNUT
1077,15,15,CHECQUERED SKIPPER,CHECQUERED SKIPPER
1078,13,13,CABBAGE WHITE,CABBAGE WHITE
1079,54,54,POPINJAY,POPINJAY
1080,72,46,WOOD SATYR,ORANGE OAKLEAF
1081,63,63,SILVER SPOT SKIPPER,SILVER SPOT SKIPPER
1082,60,60,RED POSTMAN,RED POSTMAN
1083,40,40,MANGROVE SKIPPER,MANGROVE SKIPPER
1084,26,26,EASTERN COMA,EASTERN COMA
1085,62,62,SCARCE SWALLOW,SCARCE SWALLOW
1086,14,14,CAIRNS BIRDWING,CAIRNS BIRDWING
1087,9,9,BLACK HAIRSTREAK,BLACK HAIRSTREAK
1088,61,61,RED SPOTTED PURPLE,RED SPOTTED PURPLE
1089,2,2,AMERICAN SNOOT,AMERICAN SNOOT
1090,67,67,STRAITED QUEEN,STRAITED QUEEN
1091,37,37,JULIA,JULIA
1092,14,14,CAIRNS BIRDWING,CAIRNS BIRDWING
1093,32,32,GREAT JAY,GREAT JAY
1094,58,58,RED ADMIRAL,RED ADMIRAL
1095,70,70,ULYSES,ULYSES
1096,5,5,ATALA,ATALA
1097,25,25,DANAID EGGFLY,DANAID EGGFLY
1098,59,59,RED CRACKER,RED CRACKER
1099,7,7,BANDED PEACOCK,BANDED PEACOCK
1100,43,43,MILBERTS TORTOISESHELL,MILBERTS TORTOISESHELL
1101,5,5,ATALA,ATALA
1102,63,63,SILVER SPOT SKIPPER,SILVER SPOT SKIPPER
1103,22,22,COPPER TAIL,COPPER TAIL
1104,70,70,ULYSES,ULYSES
1105,26,26,EASTERN COMA,EASTERN COMA
1106,48,48,ORCHARD SWALLOW,ORCHARD SWALLOW
1107,40,40,MANGROVE SKIPPER,MANGROVE SKIPPER
1108,35,53,INDRA SWALLOW,PIPEVINE SWALLOW
1109,45,45,MOURNING CLOAK,MOURNING CLOAK
1110,38,38,LARGE MARBLE,LARGE MARBLE
1111,23,23,CRECENT,CRECENT
1112,68,21,TROPICAL LEAFWING,COMMON WOOD-NYMPH
1113,6,6,BANDED ORANGE HELICONIAN,BANDED ORANGE HELICONIAN
1114,72,46,WOOD SATYR,ORANGE OAKLEAF
1115,15,15,CHECQUERED SKIPPER,CHECQUERED SKIPPER
1116,55,55,PURPLE HAIRSTREAK,PURPLE HAIRSTREAK
1117,13,13,CABBAGE WHITE,CABBAGE WHITE
1118,47,47,ORANGE TIP,ORANGE TIP
1119,63,63,SILVER SPOT SKIPPER,SILVER SPOT SKIPPER
1120,56,56,PURPLISH COPPER,PURPLISH COPPER
1121,5,5,ATALA,ATALA
1122,69,69,TWO BARRED FLASHER,TWO BARRED FLASHER
1123,32,32,GREAT JAY,GREAT JAY
1124,44,44,MONARCH,MONARCH
1125,12,12,BROWN SIPROETA,BROWN SIPROETA
1126,3,3,AN 88,AN 88
1127,21,21,COMMON WOOD-NYMPH,COMMON WOOD-NYMPH
1128,28,28,EASTERN PINE ELFIN,EASTERN PINE ELFIN
1129,39,39,MALACHITE,MALACHITE
1130,71,71,VICEROY,VICEROY
1131,60,60,RED POSTMAN,RED POSTMAN
1132,68,68,TROPICAL LEAFWING,TROPICAL LEAFWING
1133,23,23,CRECENT,CRECENT
1134,69,69,TWO BARRED FLASHER,TWO BARRED FLASHER
1135,26,26,EASTERN COMA,EASTERN COMA
1136,17,17,CLEOPATRA,CLEOPATRA
1137,36,36,IPHICLUS SISTER,IPHICLUS SISTER
1138,46,46,ORANGE OAKLEAF,ORANGE OAKLEAF
1139,34,34,GREY HAIRSTREAK,GREY HAIRSTREAK
1140,61,61,RED SPOTTED PURPLE,RED SPOTTED PURPLE
1141,37,37,JULIA,JULIA
1142,18,18,CLODIUS PARNASSIAN,CLODIUS PARNASSIAN
1143,58,58,RED ADMIRAL,RED ADMIRAL
1144,39,39,MALACHITE,MALACHITE
1145,6,6,BANDED ORANGE HELICONIAN,BANDED ORANGE HELICONIAN
1146,22,56,COPPER TAIL,PURPLISH COPPER
1147,18,18,CLODIUS PARNASSIAN,CLODIUS PARNASSIAN
1148,18,18,CLODIUS PARNASSIAN,CLODIUS PARNASSIAN
1149,60,60,RED POSTMAN,RED POSTMAN
1150,22,22,COPPER TAIL,COPPER TAIL
1151,62,62,SCARCE SWALLOW,SCARCE SWALLOW
1152,9,9,BLACK HAIRSTREAK,BLACK HAIRSTREAK
1153,18,18,CLODIUS PARNASSIAN,CLODIUS PARNASSIAN
1154,74,74,ZEBRA LONG WING,ZEBRA LONG WING
1155,61,61,RED SPOTTED PURPLE,RED SPOTTED PURPLE
1156,34,34,GREY HAIRSTREAK,GREY HAIRSTREAK
1157,41,41,MESTRA,MESTRA
1158,72,72,WOOD SATYR,WOOD SATYR
1159,0,0,ADONIS,ADONIS
1160,64,19,SLEEPY ORANGE,CLOUDED SULPHUR
1161,45,45,MOURNING CLOAK,MOURNING CLOAK
1162,23,23,CRECENT,CRECENT
1163,3,3,AN 88,AN 88
1164,32,32,GREAT JAY,GREAT JAY
1165,14,14,CAIRNS BIRDWING,CAIRNS BIRDWING
1166,34,34,GREY HAIRSTREAK,GREY HAIRSTREAK
1167,7,7,BANDED PEACOCK,BANDED PEACOCK
1168,33,33,GREEN CELLED CATTLEHEART,GREEN CELLED CATTLEHEART
1169,38,27,LARGE MARBLE,EASTERN DAPPLE WHITE
1170,12,12,BROWN SIPROETA,BROWN SIPROETA
1171,25,25,DANAID EGGFLY,DANAID EGGFLY
1172,35,35,INDRA SWALLOW,INDRA SWALLOW
1173,73,53,YELLOW SWALLOW TAIL,PIPEVINE SWALLOW
1174,70,70,ULYSES,ULYSES
1175,13,13,CABBAGE WHITE,CABBAGE WHITE
1176,29,29,ELBOWED PIERROT,ELBOWED PIERROT
1177,51,51,PEACOCK,PEACOCK
1178,56,56,PURPLISH COPPER,PURPLISH COPPER
1179,19,19,CLOUDED SULPHUR,CLOUDED SULPHUR
1180,42,42,METALMARK,METALMARK
1181,14,14,CAIRNS BIRDWING,CAIRNS BIRDWING
1182,55,0,PURPLE HAIRSTREAK,ADONIS
1183,36,36,IPHICLUS SISTER,IPHICLUS SISTER
1184,11,11,BLUE SPOTTED CROW,BLUE SPOTTED CROW
1185,36,36,IPHICLUS SISTER,IPHICLUS SISTER
1186,61,61,RED SPOTTED PURPLE,RED SPOTTED PURPLE
1187,49,49,PAINTED LADY,PAINTED LADY
1188,65,65,SOOTYWING,SOOTYWING
1189,10,10,BLUE MORPHO,BLUE MORPHO
1190,18,18,CLODIUS PARNASSIAN,CLODIUS PARNASSIAN
1191,3,3,AN 88,AN 88
1192,17,17,CLEOPATRA,CLEOPATRA
1193,35,35,INDRA SWALLOW,INDRA SWALLOW
1194,5,5,ATALA,ATALA
1195,1,1,AFRICAN GIANT SWALLOWTAIL,AFRICAN GIANT SWALLOWTAIL
1196,32,32,GREAT JAY,GREAT JAY
1197,13,13,CABBAGE WHITE,CABBAGE WHITE
1198,57,57,QUESTION MARK,QUESTION MARK
1199,17,17,CLEOPATRA,CLEOPATRA
1200,59,59,RED CRACKER,RED CRACKER
1201,15,15,CHECQUERED SKIPPER,CHECQUERED SKIPPER
1202,73,73,YELLOW SWALLOW TAIL,YELLOW SWALLOW TAIL
1203,20,20,COMMON BANDED AWL,COMMON BANDED AWL
1204,66,19,SOUTHERN DOGFACE,CLOUDED SULPHUR
1205,52,52,PINE WHITE,PINE WHITE
1206,53,53,PIPEVINE SWALLOW,PIPEVINE SWALLOW
1207,61,61,RED SPOTTED PURPLE,RED SPOTTED PURPLE
1208,55,55,PURPLE HAIRSTREAK,PURPLE HAIRSTREAK
1209,31,31,GREAT EGGFLY,GREAT EGGFLY
1210,59,59,RED CRACKER,RED CRACKER
1211,43,43,MILBERTS TORTOISESHELL,MILBERTS TORTOISESHELL
1212,63,63,SILVER SPOT SKIPPER,SILVER SPOT SKIPPER
1213,27,27,EASTERN DAPPLE WHITE,EASTERN DAPPLE WHITE
1214,40,70,MANGROVE SKIPPER,ULYSES
1215,71,71,VICEROY,VICEROY
1216,49,49,PAINTED LADY,PAINTED LADY
1217,4,4,APPOLLO,APPOLLO
1218,31,31,GREAT EGGFLY,GREAT EGGFLY
1219,33,33,GREEN CELLED CATTLEHEART,GREEN CELLED CATTLEHEART
1220,22,56,COPPER TAIL,PURPLISH COPPER
1221,18,19,CLODIUS PARNASSIAN,CLOUDED SULPHUR
1222,34,34,GREY HAIRSTREAK,GREY HAIRSTREAK
1223,24,24,CRIMSON PATCH,CRIMSON PATCH
1224,31,31,GREAT EGGFLY,GREAT EGGFLY
1225,69,20,TWO BARRED FLASHER,COMMON BANDED AWL
1226,16,16,CHESTNUT,CHESTNUT
1227,24,24,CRIMSON PATCH,CRIMSON PATCH
1228,31,31,GREAT EGGFLY,GREAT EGGFLY
1229,54,54,POPINJAY,POPINJAY
1230,37,37,JULIA,JULIA
1231,60,60,RED POSTMAN,RED POSTMAN
1232,8,8,BECKERS WHITE,BECKERS WHITE
1233,30,30,GOLD BANDED,GOLD BANDED
1234,55,55,PURPLE HAIRSTREAK,PURPLE HAIRSTREAK
1235,59,59,RED CRACKER,RED CRACKER
1236,1,32,AFRICAN GIANT SWALLOWTAIL,GREAT JAY
1237,36,36,IPHICLUS SISTER,IPHICLUS SISTER
1238,31,31,GREAT EGGFLY,GREAT EGGFLY
1239,6,6,BANDED ORANGE HELICONIAN,BANDED ORANGE HELICONIAN
1240,32,32,GREAT JAY,GREAT JAY
1241,47,47,ORANGE TIP,ORANGE TIP
1242,10,10,BLUE MORPHO,BLUE MORPHO
1243,26,26,EASTERN COMA,EASTERN COMA
1244,18,18,CLODIUS PARNASSIAN,CLODIUS PARNASSIAN
1245,52,52,PINE WHITE,PINE WHITE
1246,64,64,SLEEPY ORANGE,SLEEPY ORANGE
1247,48,48,ORCHARD SWALLOW,ORCHARD SWALLOW
1248,3,3,AN 88,AN 88
1249,21,21,COMMON WOOD-NYMPH,COMMON WOOD-NYMPH
1250,4,4,APPOLLO,APPOLLO
1251,60,60,RED POSTMAN,RED POSTMAN
1252,68,68,TROPICAL LEAFWING,TROPICAL LEAFWING
1253,54,54,POPINJAY,POPINJAY
1254,37,37,JULIA,JULIA
1255,68,68,TROPICAL LEAFWING,TROPICAL LEAFWING
1256,32,32,GREAT JAY,GREAT JAY
1257,19,19,CLOUDED SULPHUR,CLOUDED SULPHUR
1258,65,2,SOOTYWING,AMERICAN SNOOT
1259,23,15,CRECENT,CHECQUERED SKIPPER
1260,45,45,MOURNING CLOAK,MOURNING CLOAK
1261,52,52,PINE WHITE,PINE WHITE
1262,10,10,BLUE MORPHO,BLUE MORPHO
1263,42,42,METALMARK,METALMARK
1264,14,14,CAIRNS BIRDWING,CAIRNS BIRDWING
1265,55,46,PURPLE HAIRSTREAK,ORANGE OAKLEAF
1266,54,54,POPINJAY,POPINJAY
1267,64,64,SLEEPY ORANGE,SLEEPY ORANGE
1268,17,17,CLEOPATRA,CLEOPATRA
1269,14,14,CAIRNS BIRDWING,CAIRNS BIRDWING
1270,22,34,COPPER TAIL,GREY HAIRSTREAK
1271,38,13,LARGE MARBLE,CABBAGE WHITE
1272,19,19,CLOUDED SULPHUR,CLOUDED SULPHUR
1273,4,4,APPOLLO,APPOLLO
1274,38,38,LARGE MARBLE,LARGE MARBLE
1275,14,14,CAIRNS BIRDWING,CAIRNS BIRDWING
1276,8,8,BECKERS WHITE,BECKERS WHITE
1277,21,21,COMMON WOOD-NYMPH,COMMON WOOD-NYMPH
1278,27,27,EASTERN DAPPLE WHITE,EASTERN DAPPLE WHITE
1279,43,43,MILBERTS TORTOISESHELL,MILBERTS TORTOISESHELL
1280,55,55,PURPLE HAIRSTREAK,PURPLE HAIRSTREAK
1281,57,26,QUESTION MARK,EASTERN COMA
1282,21,21,COMMON WOOD-NYMPH,COMMON WOOD-NYMPH
1283,67,67,STRAITED QUEEN,STRAITED QUEEN
1284,21,21,COMMON WOOD-NYMPH,COMMON WOOD-NYMPH
1285,27,27,EASTERN DAPPLE WHITE,EASTERN DAPPLE WHITE
1286,40,53,MANGROVE SKIPPER,PIPEVINE SWALLOW
1287,9,9,BLACK HAIRSTREAK,BLACK HAIRSTREAK
1288,19,64,CLOUDED SULPHUR,SLEEPY ORANGE
1289,29,29,ELBOWED PIERROT,ELBOWED PIERROT
1290,38,38,LARGE MARBLE,LARGE MARBLE
1291,59,60,RED CRACKER,RED POSTMAN
1292,1,1,AFRICAN GIANT SWALLOWTAIL,AFRICAN GIANT SWALLOWTAIL
1293,58,58,RED ADMIRAL,RED ADMIRAL
1294,4,4,APPOLLO,APPOLLO
1295,46,46,ORANGE OAKLEAF,ORANGE OAKLEAF
1296,26,26,EASTERN COMA,EASTERN COMA
1297,30,30,GOLD BANDED,GOLD BANDED
1298,17,17,CLEOPATRA,CLEOPATRA
1299,57,57,QUESTION MARK,QUESTION MARK
